year,location,total,killed,severe_injury,light_injury
2003.0,14.6,4,0.0,0.0,4.0
2003.0,16.5,4,0.0,0.0,4.0
2003.0,24.3,11,0.0,0.0,11.0
2003.0,39.9,4,0.0,0.0,4.0
2003.0,43.0,27,1.0,4.0,22.0
2003.0,45.1,2,1.0,0.0,1.0
2003.0,47.5,4,0.0,0.0,4.0
2003.0,48.7,4,0.0,0.0,4.0
2003.0,51.0,9,1.0,4.0,4.0
2003.0,52.3,5,0.0,1.0,4.0
2003.0,53.9,2,0.0,0.0,2.0
2003.0,58.0,5,0.0,0.0,5.0
2003.0,63.8,2,0.0,0.0,2.0
2003.0,64.9,2,0.0,0.0,2.0
2003.0,75.1,3,0.0,0.0,3.0
2003.0,87.2,4,0.0,2.0,2.0
2003.0,98.5,6,0.0,1.0,5.0
2003.0,100.3,9,0.0,1.0,8.0
2003.0,111.1,18,0.0,0.0,18.0
2003.0,117.7,1,1.0,0.0,0.0
2003.0,135.8,2,0.0,0.0,2.0
2003.0,136.8,6,0.0,0.0,6.0
2003.0,140.0,4,0.0,0.0,4.0
2003.0,147.1,3,2.0,0.0,1.0
2003.0,154.8,11,0.0,0.0,11.0
2003.0,155.1,4,0.0,0.0,4.0
2003.0,155.0,6,0.0,1.0,5.0
2003.0,163.6,3,0.0,1.0,2.0
2003.0,180.1,1,0.0,1.0,0.0
2003.0,191.0,12,0.0,0.0,12.0
2003.0,204.1,2,0.0,0.0,2.0
2003.0,206.7,21,0.0,2.0,19.0
2003.0,216.1,5,0.0,0.0,5.0
2003.0,230.1,7,0.0,0.0,7.0
2003.0,230.5,1,0.0,0.0,1.0
2003.0,242.1,1,1.0,0.0,0.0
2003.0,244.1,1,0.0,0.0,1.0
2003.0,244.5,3,0.0,1.0,2.0
2003.0,368.2,1,0.0,1.0,0.0
2003.0,369.2,1,0.0,1.0,0.0
2003.0,372.4,2,0.0,0.0,2.0
2003.0,375.5,6,0.0,0.0,6.0
2003.0,379.9,4,0.0,0.0,4.0
2003.0,390.7,4,0.0,1.0,3.0
2003.0,397.7,1,0.0,0.0,1.0
2003.0,400.3,5,0.0,1.0,4.0
2003.0,400.5,6,0.0,3.0,3.0
2003.0,400.9,4,0.0,0.0,4.0
2003.0,401.9,11,0.0,0.0,11.0
2003.0,403.8,8,0.0,0.0,8.0
2003.0,404.7,1,0.0,0.0,1.0
2003.0,405.0,5,0.0,1.0,4.0
2003.0,406.0,1,0.0,0.0,1.0
2003.0,409.4,6,0.0,0.0,6.0
2003.0,410.7,1,0.0,0.0,1.0
2003.0,411.0,2,0.0,0.0,2.0
2003.0,411.1,3,0.0,0.0,3.0
2003.0,413.8,2,0.0,1.0,1.0
2003.0,414.0,5,0.0,0.0,5.0
2003.0,416.1,1,0.0,0.0,1.0
2003.0,416.5,2,0.0,0.0,2.0
2003.0,416.6,1,0.0,0.0,1.0
2003.0,418.1,6,0.0,0.0,6.0
2003.0,418.9,1,0.0,0.0,1.0
2003.0,420.4,9,0.0,0.0,9.0
2003.0,420.5,5,0.0,0.0,5.0
2003.0,421.5,5,0.0,0.0,5.0
2003.0,421.7,6,0.0,0.0,6.0
2003.0,422.5,2,0.0,0.0,2.0
2003.0,426.1,1,0.0,0.0,1.0
2003.0,434.5,2,0.0,0.0,2.0
2003.0,437.1,6,0.0,0.0,6.0
2003.0,438.0,5,0.0,0.0,5.0
2003.0,439.0,1,0.0,0.0,1.0
2003.0,439.1,1,0.0,0.0,1.0
2003.0,440.0,15,0.0,1.0,14.0
2003.0,440.1,6,0.0,0.0,6.0
2003.0,440.2,10,0.0,0.0,10.0
2003.0,440.3,2,0.0,2.0,0.0
2003.0,440.6,8,0.0,0.0,8.0
2003.0,440.9,70,0.0,1.0,69.0
2003.0,441.2,37,0.0,0.0,37.0
2003.0,441.5,5,2.0,1.0,2.0
2003.0,441.9,1,0.0,0.0,1.0
2003.0,443.6,9,0.0,0.0,9.0
2003.0,444.8,3,0.0,0.0,3.0
2003.0,445.0,1,0.0,0.0,1.0
2003.0,445.1,2,0.0,0.0,2.0
2003.0,445.3,4,0.0,0.0,4.0
2003.0,445.5,1,0.0,0.0,1.0
2003.0,445.9,29,0.0,1.0,28.0
2003.0,446.9,4,0.0,0.0,4.0
2003.0,447.2,2,0.0,1.0,1.0
2003.0,449.1,3,0.0,0.0,3.0
2003.0,450.1,2,0.0,0.0,2.0
2003.0,450.5,16,0.0,1.0,15.0
2003.0,451.6,9,0.0,6.0,3.0
2003.0,452.5,2,0.0,1.0,1.0
2003.0,458.1,1,0.0,0.0,1.0
2003.0,458.4,6,0.0,0.0,6.0
2003.0,460.1,5,0.0,0.0,5.0
2003.0,462.1,8,0.0,0.0,8.0
2003.0,463.1,1,0.0,0.0,1.0
2003.0,464.1,1,0.0,0.0,1.0
2003.0,464.5,5,0.0,1.0,4.0
2003.0,466.4,3,0.0,1.0,2.0
2003.0,467.2,2,0.0,0.0,2.0
2003.0,468.1,2,0.0,0.0,2.0
2003.0,469.4,1,0.0,0.0,1.0
2003.0,470.6,1,0.0,0.0,1.0
2003.0,472.1,1,0.0,0.0,1.0
2003.0,476.0,3,0.0,0.0,3.0
2004.0,5.6,1,0.0,1.0,0.0
2004.0,14.6,6,0.0,0.0,6.0
2004.0,28.0,3,1.0,0.0,2.0
2004.0,29.8,1,0.0,0.0,1.0
2004.0,29.0,8,0.0,0.0,8.0
2004.0,35.5,1,0.0,0.0,1.0
2004.0,42.9,2,0.0,0.0,2.0
2004.0,45.0,2,2.0,0.0,0.0
2004.0,45.1,2,0.0,1.0,1.0
2004.0,49.5,3,0.0,0.0,3.0
2004.0,56.3,2,0.0,0.0,2.0
2004.0,58.9,1,0.0,1.0,0.0
2004.0,67.1,1,0.0,0.0,1.0
2004.0,80.4,1,0.0,1.0,0.0
2004.0,83.3,9,0.0,0.0,9.0
2004.0,94.5,2,0.0,0.0,2.0
2004.0,97.9,1,0.0,0.0,1.0
2004.0,112.4,5,0.0,2.0,3.0
2004.0,125.1,5,0.0,1.0,4.0
2004.0,129.0,9,2.0,0.0,7.0
2004.0,140.0,1,0.0,1.0,0.0
2004.0,143.1,1,1.0,0.0,0.0
2004.0,153.1,9,0.0,1.0,8.0
2004.0,163.4,1,1.0,0.0,0.0
2004.0,176.5,11,0.0,3.0,8.0
2004.0,181.8,3,0.0,1.0,2.0
2004.0,207.0,4,0.0,0.0,4.0
2004.0,211.1,4,0.0,0.0,4.0
2004.0,212.1,2,0.0,0.0,2.0
2004.0,212.0,1,0.0,1.0,0.0
2004.0,221.7,3,0.0,1.0,2.0
2004.0,224.5,3,0.0,0.0,3.0
2004.0,244.5,1,0.0,0.0,1.0
2004.0,368.3,6,1.0,2.0,3.0
2004.0,368.8,5,0.0,0.0,5.0
2004.0,369.3,1,0.0,0.0,1.0
2004.0,372.4,6,0.0,0.0,6.0
2004.0,375.3,4,0.0,0.0,4.0
2004.0,375.5,12,0.0,0.0,12.0
2004.0,382.2,4,0.0,0.0,4.0
2004.0,383.4,1,0.0,1.0,0.0
2004.0,383.8,4,0.0,0.0,4.0
2004.0,385.9,3,0.0,0.0,3.0
2004.0,388.7,1,0.0,1.0,0.0
2004.0,389.1,1,0.0,1.0,0.0
2004.0,389.9,2,0.0,0.0,2.0
2004.0,390.6,5,1.0,2.0,2.0
2004.0,400.0,4,0.0,2.0,2.0
2004.0,400.9,7,0.0,0.0,7.0
2004.0,401.5,2,0.0,1.0,1.0
2004.0,403.6,2,0.0,0.0,2.0
2004.0,403.8,5,0.0,1.0,4.0
2004.0,404.1,2,0.0,1.0,1.0
2004.0,404.3,1,0.0,1.0,0.0
2004.0,405.0,2,0.0,0.0,2.0
2004.0,405.1,1,0.0,1.0,0.0
2004.0,406.2,1,0.0,1.0,0.0
2004.0,407.1,2,0.0,0.0,2.0
2004.0,407.9,4,0.0,0.0,4.0
2004.0,408.1,5,0.0,1.0,4.0
2004.0,409.5,8,0.0,1.0,7.0
2004.0,411.2,6,0.0,0.0,6.0
2004.0,411.9,1,0.0,0.0,1.0
2004.0,412.1,7,0.0,0.0,7.0
2004.0,413.8,2,0.0,0.0,2.0
2004.0,416.0,1,0.0,0.0,1.0
2004.0,416.6,6,0.0,5.0,1.0
2004.0,416.9,2,0.0,0.0,2.0
2004.0,417.3,5,0.0,1.0,4.0
2004.0,420.4,2,0.0,0.0,2.0
2004.0,421.2,2,0.0,0.0,2.0
2004.0,421.8,1,0.0,0.0,1.0
2004.0,427.3,17,0.0,0.0,17.0
2004.0,431.9,1,0.0,1.0,0.0
2004.0,434.4,1,0.0,1.0,0.0
2004.0,435.2,1,0.0,0.0,1.0
2004.0,435.5,1,0.0,0.0,1.0
2004.0,436.3,1,0.0,0.0,1.0
2004.0,437.0,3,0.0,0.0,3.0
2004.0,437.6,1,1.0,0.0,0.0
2004.0,439.6,1,0.0,0.0,1.0
2004.0,440.9,4,0.0,0.0,4.0
2004.0,441.0,3,0.0,0.0,3.0
2004.0,441.2,15,0.0,0.0,15.0
2004.0,442.2,2,0.0,0.0,2.0
2004.0,442.6,2,0.0,0.0,2.0
2004.0,443.6,13,0.0,0.0,13.0
2004.0,444.0,2,0.0,0.0,2.0
2004.0,445.9,3,0.0,0.0,3.0
2004.0,449.9,2,0.0,0.0,2.0
2004.0,450.5,8,0.0,0.0,8.0
2004.0,450.6,2,0.0,0.0,2.0
2004.0,451.9,1,0.0,1.0,0.0
2004.0,453.2,4,0.0,0.0,4.0
2004.0,454.5,1,0.0,1.0,0.0
2004.0,455.6,6,0.0,0.0,6.0
2004.0,458.4,5,0.0,1.0,4.0
2004.0,461.6,1,0.0,0.0,1.0
2004.0,464.4,1,0.0,0.0,1.0
2004.0,464.5,5,0.0,0.0,5.0
2004.0,467.1,2,0.0,1.0,1.0
2004.0,470.6,3,0.0,0.0,3.0
2004.0,472.0,1,0.0,0.0,1.0
2004.0,472.1,3,0.0,0.0,3.0
2005.0,16.3,17,1.0,5.0,11.0
2005.0,18.9,3,3.0,0.0,0.0
2005.0,25.2,5,0.0,0.0,5.0
2005.0,34.9,12,0.0,2.0,10.0
2005.0,36.9,1,0.0,0.0,1.0
2005.0,41.1,4,0.0,0.0,4.0
2005.0,41.9,1,0.0,0.0,1.0
2005.0,49.5,12,0.0,0.0,12.0
2005.0,50.8,4,0.0,0.0,4.0
2005.0,56.2,1,0.0,0.0,1.0
2005.0,76.8,2,0.0,0.0,2.0
2005.0,77.1,4,0.0,1.0,3.0
2005.0,88.2,2,0.0,0.0,2.0
2005.0,94.7,13,0.0,0.0,13.0
2005.0,100.4,5,0.0,0.0,5.0
2005.0,103.7,2,1.0,0.0,1.0
2005.0,106.5,2,0.0,1.0,1.0
2005.0,120.0,2,0.0,0.0,2.0
2005.0,124.5,1,0.0,0.0,1.0
2005.0,140.0,2,0.0,0.0,2.0
2005.0,143.1,4,2.0,1.0,1.0
2005.0,143.5,2,0.0,0.0,2.0
2005.0,149.5,2,2.0,0.0,0.0
2005.0,152.1,6,0.0,2.0,4.0
2005.0,164.0,1,1.0,0.0,0.0
2005.0,171.1,4,0.0,0.0,4.0
2005.0,176.5,1,1.0,0.0,0.0
2005.0,190.5,2,1.0,0.0,1.0
2005.0,210.1,2,0.0,0.0,2.0
2005.0,222.5,2,0.0,0.0,2.0
2005.0,369.4,4,0.0,0.0,4.0
2005.0,379.5,2,0.0,0.0,2.0
2005.0,380.1,5,0.0,0.0,5.0
2005.0,382.0,2,1.0,1.0,0.0
2005.0,384.9,7,0.0,0.0,7.0
2005.0,385.0,1,1.0,0.0,0.0
2005.0,388.9,3,0.0,0.0,3.0
2005.0,390.7,6,0.0,0.0,6.0
2005.0,393.8,2,1.0,0.0,1.0
2005.0,398.5,2,0.0,0.0,2.0
2005.0,400.1,5,0.0,1.0,4.0
2005.0,401.0,3,0.0,0.0,3.0
2005.0,403.8,14,0.0,0.0,14.0
2005.0,404.0,2,0.0,0.0,2.0
2005.0,404.2,2,0.0,0.0,2.0
2005.0,404.7,1,0.0,1.0,0.0
2005.0,405.0,2,0.0,0.0,2.0
2005.0,405.1,1,0.0,0.0,1.0
2005.0,406.1,7,0.0,0.0,7.0
2005.0,406.2,4,0.0,0.0,4.0
2005.0,406.5,3,0.0,0.0,3.0
2005.0,410.2,7,0.0,0.0,7.0
2005.0,411.2,8,0.0,1.0,7.0
2005.0,411.5,5,0.0,1.0,4.0
2005.0,415.2,1,0.0,1.0,0.0
2005.0,416.8,7,0.0,0.0,7.0
2005.0,417.2,1,0.0,0.0,1.0
2005.0,417.6,2,0.0,0.0,2.0
2005.0,417.9,3,0.0,2.0,1.0
2005.0,420.4,10,0.0,1.0,9.0
2005.0,422.0,5,0.0,0.0,5.0
2005.0,422.3,1,0.0,1.0,0.0
2005.0,425.9,1,0.0,1.0,0.0
2005.0,427.3,5,0.0,0.0,5.0
2005.0,436.3,4,1.0,1.0,2.0
2005.0,436.7,1,0.0,0.0,1.0
2005.0,437.0,2,1.0,1.0,0.0
2005.0,437.2,2,0.0,0.0,2.0
2005.0,437.6,5,0.0,0.0,5.0
2005.0,440.0,3,0.0,0.0,3.0
2005.0,440.9,4,1.0,0.0,3.0
2005.0,441.2,14,0.0,0.0,14.0
2005.0,441.5,5,0.0,0.0,5.0
2005.0,442.6,8,0.0,1.0,7.0
2005.0,443.0,6,0.0,0.0,6.0
2005.0,443.6,10,0.0,0.0,10.0
2005.0,444.8,4,0.0,0.0,4.0
2005.0,444.9,5,1.0,2.0,2.0
2005.0,445.0,9,0.0,0.0,9.0
2005.0,445.8,1,0.0,0.0,1.0
2005.0,447.0,4,0.0,0.0,4.0
2005.0,447.7,6,0.0,0.0,6.0
2005.0,448.1,1,0.0,0.0,1.0
2005.0,448.2,1,0.0,0.0,1.0
2005.0,449.0,6,0.0,1.0,5.0
2005.0,450.1,4,0.0,0.0,4.0
2005.0,450.5,11,0.0,0.0,11.0
2005.0,452.7,5,0.0,1.0,4.0
2005.0,453.1,1,0.0,0.0,1.0
2005.0,453.3,4,0.0,0.0,4.0
2005.0,454.4,5,0.0,0.0,5.0
2005.0,454.8,1,0.0,0.0,1.0
2005.0,458.4,5,0.0,0.0,5.0
2005.0,458.6,4,0.0,0.0,4.0
2005.0,459.0,2,0.0,0.0,2.0
2005.0,461.1,4,0.0,0.0,4.0
2005.0,464.5,20,0.0,0.0,20.0
2005.0,468.8,1,0.0,0.0,1.0
2005.0,469.0,8,0.0,0.0,8.0
2005.0,469.4,3,0.0,0.0,3.0
2005.0,470.6,2,0.0,0.0,2.0
2005.0,473.2,2,0.0,0.0,2.0
2005.0,473.0,3,0.0,0.0,3.0
2005.0,474.0,1,0.0,0.0,1.0
2005.0,475.5,2,0.0,0.0,2.0
2005.0,475.7,2,0.0,0.0,2.0
2006.0,14.5,7,0.0,0.0,7.0
2006.0,16.6,1,0.0,0.0,1.0
2006.0,27.1,2,0.0,0.0,2.0
2006.0,30.6,4,0.0,0.0,4.0
2006.0,32.0,3,1.0,0.0,2.0
2006.0,42.6,3,0.0,0.0,3.0
2006.0,45.1,2,0.0,0.0,2.0
2006.0,52.2,1,0.0,0.0,1.0
2006.0,67.1,1,0.0,0.0,1.0
2006.0,71.9,5,1.0,4.0,0.0
2006.0,73.4,4,1.0,1.0,2.0
2006.0,82.6,2,0.0,0.0,2.0
2006.0,84.9,3,2.0,0.0,1.0
2006.0,86.9,4,1.0,3.0,0.0
2006.0,98.1,4,0.0,1.0,3.0
2006.0,98.8,4,0.0,0.0,4.0
2006.0,106.0,8,0.0,0.0,8.0
2006.0,118.5,4,0.0,1.0,3.0
2006.0,119.1,7,0.0,0.0,7.0
2006.0,126.1,1,0.0,0.0,1.0
2006.0,130.2,4,0.0,2.0,2.0
2006.0,132.1,5,0.0,0.0,5.0
2006.0,142.8,1,0.0,1.0,0.0
2006.0,146.1,2,0.0,2.0,0.0
2006.0,156.4,12,0.0,1.0,11.0
2006.0,177.6,1,0.0,1.0,0.0
2006.0,184.1,5,0.0,1.0,4.0
2006.0,210.1,1,0.0,1.0,0.0
2006.0,222.0,4,0.0,1.0,3.0
2006.0,242.1,5,0.0,0.0,5.0
2006.0,242.3,1,0.0,0.0,1.0
2006.0,242.0,3,0.0,0.0,3.0
2006.0,375.3,2,0.0,0.0,2.0
2006.0,379.8,2,0.0,0.0,2.0
2006.0,387.6,5,0.0,0.0,5.0
2006.0,392.2,8,0.0,7.0,1.0
2006.0,398.4,1,1.0,0.0,0.0
2006.0,398.7,2,0.0,0.0,2.0
2006.0,399.6,3,0.0,0.0,3.0
2006.0,400.5,1,0.0,0.0,1.0
2006.0,400.9,1,0.0,0.0,1.0
2006.0,402.5,5,0.0,2.0,3.0
2006.0,403.6,8,0.0,0.0,8.0
2006.0,403.8,6,0.0,0.0,6.0
2006.0,404.0,1,0.0,0.0,1.0
2006.0,404.1,1,0.0,0.0,1.0
2006.0,404.2,2,0.0,0.0,2.0
2006.0,406.5,5,0.0,0.0,5.0
2006.0,407.0,7,0.0,1.0,6.0
2006.0,408.2,1,0.0,0.0,1.0
2006.0,410.1,3,0.0,0.0,3.0
2006.0,410.9,4,0.0,0.0,4.0
2006.0,412.4,8,0.0,0.0,8.0
2006.0,413.0,1,0.0,1.0,0.0
2006.0,413.7,2,0.0,0.0,2.0
2006.0,416.3,1,0.0,1.0,0.0
2006.0,418.5,3,0.0,1.0,2.0
2006.0,419.6,7,0.0,0.0,7.0
2006.0,420.4,5,0.0,0.0,5.0
2006.0,421.5,4,0.0,0.0,4.0
2006.0,428.1,5,0.0,0.0,5.0
2006.0,434.4,6,0.0,0.0,6.0
2006.0,435.7,4,1.0,2.0,1.0
2006.0,437.5,1,0.0,0.0,1.0
2006.0,438.5,1,0.0,0.0,1.0
2006.0,439.0,13,0.0,1.0,12.0
2006.0,439.6,2,0.0,0.0,2.0
2006.0,440.2,2,0.0,1.0,1.0
2006.0,441.2,10,0.0,0.0,10.0
2006.0,441.5,2,0.0,1.0,1.0
2006.0,442.5,2,0.0,0.0,2.0
2006.0,442.6,5,0.0,0.0,5.0
2006.0,443.6,13,0.0,0.0,13.0
2006.0,444.1,5,0.0,0.0,5.0
2006.0,445.1,1,0.0,0.0,1.0
2006.0,445.7,10,0.0,0.0,10.0
2006.0,446.1,2,0.0,0.0,2.0
2006.0,446.4,7,0.0,1.0,6.0
2006.0,446.7,3,0.0,0.0,3.0
2006.0,447.1,2,0.0,0.0,2.0
2006.0,447.5,1,0.0,0.0,1.0
2006.0,448.1,1,0.0,0.0,1.0
2006.0,448.4,5,0.0,0.0,5.0
2006.0,450.4,6,0.0,0.0,6.0
2006.0,450.5,12,0.0,1.0,11.0
2006.0,454.1,2,1.0,0.0,1.0
2006.0,454.4,1,0.0,0.0,1.0
2006.0,455.0,9,0.0,1.0,8.0
2006.0,457.1,3,0.0,0.0,3.0
2006.0,457.6,17,0.0,0.0,17.0
2006.0,457.8,5,0.0,1.0,4.0
2006.0,458.2,6,0.0,0.0,6.0
2006.0,458.4,17,0.0,2.0,15.0
2006.0,461.0,5,0.0,1.0,4.0
2006.0,461.3,6,0.0,0.0,6.0
2006.0,465.2,6,0.0,0.0,6.0
2006.0,466.1,1,0.0,0.0,1.0
2006.0,472.1,3,0.0,0.0,3.0
2007.0,28.5,2,0.0,0.0,2.0
2007.0,30.1,7,0.0,0.0,7.0
2007.0,35.2,6,0.0,1.0,5.0
2007.0,51.6,1,0.0,0.0,1.0
2007.0,54.3,5,0.0,0.0,5.0
2007.0,56.8,7,2.0,4.0,1.0
2007.0,58.1,2,0.0,0.0,2.0
2007.0,68.0,7,4.0,2.0,1.0
2007.0,69.8,2,0.0,0.0,2.0
2007.0,72.1,4,0.0,0.0,4.0
2007.0,74.0,3,0.0,0.0,3.0
2007.0,84.4,3,1.0,1.0,1.0
2007.0,84.6,4,0.0,1.0,3.0
2007.0,89.7,4,2.0,1.0,1.0
2007.0,95.7,4,0.0,1.0,3.0
2007.0,123.6,1,0.0,1.0,0.0
2007.0,152.3,1,0.0,0.0,1.0
2007.0,158.2,3,0.0,0.0,3.0
2007.0,164.2,89,0.0,0.0,89.0
2007.0,170.1,3,1.0,0.0,2.0
2007.0,180.5,2,0.0,0.0,2.0
2007.0,195.0,2,2.0,0.0,0.0
2007.0,220.1,1,0.0,1.0,0.0
2007.0,243.8,7,0.0,0.0,7.0
2007.0,370.3,2,0.0,0.0,2.0
2007.0,375.3,3,0.0,0.0,3.0
2007.0,379.6,3,0.0,0.0,3.0
2007.0,381.9,1,0.0,0.0,1.0
2007.0,382.0,8,0.0,0.0,8.0
2007.0,382.5,1,0.0,0.0,1.0
2007.0,384.8,3,0.0,1.0,2.0
2007.0,386.9,2,0.0,0.0,2.0
2007.0,387.2,4,0.0,0.0,4.0
2007.0,388.5,1,0.0,1.0,0.0
2007.0,393.2,1,0.0,1.0,0.0
2007.0,394.1,2,0.0,2.0,0.0
2007.0,397.7,11,0.0,0.0,11.0
2007.0,400.0,2,0.0,1.0,1.0
2007.0,400.9,2,0.0,0.0,2.0
2007.0,401.4,17,0.0,2.0,15.0
2007.0,401.9,4,0.0,0.0,4.0
2007.0,403.2,1,1.0,0.0,0.0
2007.0,403.8,3,0.0,0.0,3.0
2007.0,406.5,3,0.0,0.0,3.0
2007.0,407.3,1,0.0,1.0,0.0
2007.0,410.0,3,0.0,3.0,0.0
2007.0,411.2,2,0.0,0.0,2.0
2007.0,412.2,5,0.0,0.0,5.0
2007.0,413.0,4,0.0,0.0,4.0
2007.0,414.1,15,0.0,0.0,15.0
2007.0,414.3,2,0.0,0.0,2.0
2007.0,414.4,7,0.0,1.0,6.0
2007.0,415.5,2,0.0,0.0,2.0
2007.0,416.6,19,0.0,0.0,19.0
2007.0,417.1,4,0.0,0.0,4.0
2007.0,418.1,5,0.0,0.0,5.0
2007.0,420.4,3,0.0,0.0,3.0
2007.0,423.1,4,0.0,0.0,4.0
2007.0,423.5,5,5.0,0.0,0.0
2007.0,429.1,1,0.0,0.0,1.0
2007.0,429.5,1,0.0,0.0,1.0
2007.0,434.2,1,0.0,0.0,1.0
2007.0,435.5,5,0.0,0.0,5.0
2007.0,435.8,5,0.0,0.0,5.0
2007.0,436.1,12,1.0,0.0,11.0
2007.0,436.3,5,0.0,0.0,5.0
2007.0,439.0,7,0.0,2.0,5.0
2007.0,440.1,1,0.0,0.0,1.0
2007.0,440.4,7,0.0,0.0,7.0
2007.0,440.9,9,0.0,0.0,9.0
2007.0,441.2,3,0.0,0.0,3.0
2007.0,442.4,1,0.0,0.0,1.0
2007.0,442.6,8,0.0,0.0,8.0
2007.0,443.6,3,0.0,0.0,3.0
2007.0,445.1,6,1.0,1.0,4.0
2007.0,445.5,2,0.0,1.0,1.0
2007.0,450.1,7,0.0,0.0,7.0
2007.0,450.5,9,0.0,0.0,9.0
2007.0,451.2,2,0.0,0.0,2.0
2007.0,451.5,7,0.0,0.0,7.0
2007.0,453.0,1,0.0,0.0,1.0
2007.0,456.9,2,0.0,1.0,1.0
2007.0,458.4,8,0.0,0.0,8.0
2007.0,458.8,17,1.0,5.0,11.0
2007.0,459.1,2,0.0,0.0,2.0
2007.0,460.3,7,0.0,1.0,6.0
2007.0,464.5,14,0.0,4.0,10.0
2007.0,464.6,1,0.0,0.0,1.0
2007.0,468.8,3,0.0,0.0,3.0
2007.0,470.6,3,0.0,0.0,3.0
2007.0,472.1,13,0.0,0.0,13.0
2008.0,16.3,8,0.0,0.0,8.0
2008.0,17.2,3,0.0,0.0,3.0
2008.0,24.9,7,0.0,0.0,7.0
2008.0,42.7,6,0.0,0.0,6.0
2008.0,47.7,1,0.0,0.0,1.0
2008.0,48.3,2,0.0,0.0,2.0
2008.0,49.3,1,0.0,0.0,1.0
2008.0,50.5,1,0.0,0.0,1.0
2008.0,50.7,5,1.0,2.0,2.0
2008.0,53.1,1,0.0,0.0,1.0
2008.0,55.0,2,0.0,0.0,2.0
2008.0,56.3,1,0.0,0.0,1.0
2008.0,61.1,2,0.0,0.0,2.0
2008.0,63.7,3,0.0,1.0,2.0
2008.0,64.9,8,1.0,1.0,6.0
2008.0,73.0,1,0.0,0.0,1.0
2008.0,108.1,2,0.0,0.0,2.0
2008.0,108.9,2,1.0,0.0,1.0
2008.0,116.5,1,0.0,0.0,1.0
2008.0,119.2,1,0.0,1.0,0.0
2008.0,127.1,2,0.0,0.0,2.0
2008.0,131.1,3,0.0,1.0,2.0
2008.0,164.1,11,0.0,0.0,11.0
2008.0,171.1,5,0.0,1.0,4.0
2008.0,175.4,2,0.0,0.0,2.0
2008.0,180.1,4,0.0,0.0,4.0
2008.0,182.2,2,0.0,0.0,2.0
2008.0,225.3,1,0.0,1.0,0.0
2008.0,240.4,3,1.0,0.0,2.0
2008.0,361.9,3,0.0,0.0,3.0
2008.0,371.3,2,0.0,0.0,2.0
2008.0,371.5,11,0.0,0.0,11.0
2008.0,374.2,2,0.0,1.0,1.0
2008.0,375.3,1,0.0,0.0,1.0
2008.0,379.5,9,0.0,0.0,9.0
2008.0,379.6,9,0.0,0.0,9.0
2008.0,382.0,2,0.0,2.0,0.0
2008.0,382.5,7,2.0,4.0,1.0
2008.0,382.8,4,0.0,0.0,4.0
2008.0,384.0,5,0.0,1.0,4.0
2008.0,386.7,1,0.0,1.0,0.0
2008.0,387.0,1,0.0,1.0,0.0
2008.0,400.9,5,0.0,0.0,5.0
2008.0,401.9,3,0.0,0.0,3.0
2008.0,403.3,1,0.0,1.0,0.0
2008.0,403.8,6,0.0,0.0,6.0
2008.0,403.9,1,0.0,1.0,0.0
2008.0,404.2,3,0.0,0.0,3.0
2008.0,405.3,3,0.0,0.0,3.0
2008.0,406.9,5,0.0,0.0,5.0
2008.0,407.2,1,0.0,0.0,1.0
2008.0,408.0,1,0.0,1.0,0.0
2008.0,409.8,3,0.0,0.0,3.0
2008.0,409.9,7,0.0,0.0,7.0
2008.0,410.5,2,0.0,0.0,2.0
2008.0,411.0,2,0.0,2.0,0.0
2008.0,411.2,1,1.0,0.0,0.0
2008.0,412.3,2,0.0,0.0,2.0
2008.0,414.2,1,0.0,1.0,0.0
2008.0,416.3,1,0.0,1.0,0.0
2008.0,417.0,5,0.0,0.0,5.0
2008.0,419.0,1,0.0,0.0,1.0
2008.0,419.8,2,0.0,0.0,2.0
2008.0,420.4,6,0.0,0.0,6.0
2008.0,422.6,6,0.0,1.0,5.0
2008.0,425.3,2,0.0,0.0,2.0
2008.0,428.8,3,0.0,0.0,3.0
2008.0,434.1,1,0.0,1.0,0.0
2008.0,434.4,14,0.0,1.0,13.0
2008.0,436.3,7,1.0,2.0,4.0
2008.0,439.0,22,0.0,1.0,21.0
2008.0,440.9,5,0.0,0.0,5.0
2008.0,441.2,6,0.0,0.0,6.0
2008.0,442.6,7,0.0,0.0,7.0
2008.0,443.6,14,0.0,0.0,14.0
2008.0,444.9,1,0.0,0.0,1.0
2008.0,446.3,1,0.0,0.0,1.0
2008.0,450.5,5,0.0,0.0,5.0
2008.0,452.2,1,0.0,0.0,1.0
2008.0,453.1,15,0.0,1.0,14.0
2008.0,453.4,5,0.0,0.0,5.0
2008.0,454.1,3,0.0,0.0,3.0
2008.0,454.5,10,0.0,0.0,10.0
2008.0,455.5,3,0.0,0.0,3.0
2008.0,457.5,2,1.0,1.0,0.0
2008.0,457.9,1,0.0,0.0,1.0
2008.0,460.4,2,0.0,0.0,2.0
2008.0,460.5,14,0.0,1.0,13.0
2008.0,460.6,3,0.0,0.0,3.0
2008.0,461.5,3,0.0,0.0,3.0
2008.0,464.5,6,0.0,3.0,3.0
2008.0,470.6,2,0.0,1.0,1.0
2008.0,472.1,6,0.0,0.0,6.0
2008.0,473.3,3,0.0,0.0,3.0
2009.0,14.4,1,0.0,0.0,1.0
2009.0,15.4,3,0.0,0.0,3.0
2009.0,21.2,3,0.0,0.0,3.0
2009.0,32.9,1,0.0,0.0,1.0
2009.0,33.5,4,0.0,0.0,4.0
2009.0,34.5,4,0.0,0.0,4.0
2009.0,34.9,3,1.0,0.0,2.0
2009.0,35.3,1,0.0,0.0,1.0
2009.0,48.1,2,0.0,0.0,2.0
2009.0,51.2,1,0.0,0.0,1.0
2009.0,60.1,9,0.0,3.0,6.0
2009.0,63.7,2,0.0,0.0,2.0
2009.0,69.4,2,0.0,0.0,2.0
2009.0,71.2,2,1.0,0.0,1.0
2009.0,89.0,4,1.0,0.0,3.0
2009.0,95.7,4,0.0,1.0,3.0
2009.0,96.9,1,0.0,0.0,1.0
2009.0,103.1,3,0.0,0.0,3.0
2009.0,121.9,4,0.0,4.0,0.0
2009.0,125.2,2,0.0,0.0,2.0
2009.0,155.4,1,0.0,0.0,1.0
2009.0,182.2,3,0.0,0.0,3.0
2009.0,208.6,4,0.0,0.0,4.0
2009.0,208.9,3,0.0,1.0,2.0
2009.0,220.5,2,1.0,0.0,1.0
2009.0,224.2,2,0.0,0.0,2.0
2009.0,246.7,1,0.0,1.0,0.0
2009.0,371.0,2,0.0,0.0,2.0
2009.0,371.5,1,0.0,0.0,1.0
2009.0,375.1,2,0.0,2.0,0.0
2009.0,375.3,1,0.0,0.0,1.0
2009.0,375.5,3,0.0,0.0,3.0
2009.0,379.6,6,0.0,0.0,6.0
2009.0,382.2,1,0.0,1.0,0.0
2009.0,386.9,1,0.0,0.0,1.0
2009.0,389.4,1,0.0,1.0,0.0
2009.0,389.5,5,0.0,0.0,5.0
2009.0,389.8,2,0.0,0.0,2.0
2009.0,390.2,4,0.0,0.0,4.0
2009.0,397.7,2,0.0,0.0,2.0
2009.0,400.1,5,0.0,0.0,5.0
2009.0,400.9,3,0.0,0.0,3.0
2009.0,402.1,3,0.0,3.0,0.0
2009.0,402.7,2,0.0,0.0,2.0
2009.0,404.7,3,0.0,0.0,3.0
2009.0,404.9,1,0.0,1.0,0.0
2009.0,405.0,6,0.0,0.0,6.0
2009.0,406.5,9,0.0,0.0,9.0
2009.0,406.9,2,0.0,0.0,2.0
2009.0,408.2,3,0.0,1.0,2.0
2009.0,409.0,4,0.0,0.0,4.0
2009.0,409.8,1,0.0,0.0,1.0
2009.0,410.1,1,1.0,0.0,0.0
2009.0,410.6,2,0.0,0.0,2.0
2009.0,412.2,4,0.0,0.0,4.0
2009.0,413.0,3,0.0,2.0,1.0
2009.0,413.6,6,0.0,0.0,6.0
2009.0,420.1,2,0.0,1.0,1.0
2009.0,420.4,2,0.0,0.0,2.0
2009.0,421.0,1,0.0,0.0,1.0
2009.0,421.9,4,0.0,0.0,4.0
2009.0,425.4,5,1.0,2.0,2.0
2009.0,431.4,3,0.0,1.0,2.0
2009.0,433.1,2,0.0,0.0,2.0
2009.0,435.1,3,0.0,0.0,3.0
2009.0,436.1,1,0.0,0.0,1.0
2009.0,436.3,3,0.0,0.0,3.0
2009.0,437.6,2,0.0,0.0,2.0
2009.0,439.0,2,0.0,0.0,2.0
2009.0,440.9,5,0.0,0.0,5.0
2009.0,441.7,13,0.0,1.0,12.0
2009.0,443.1,5,0.0,0.0,5.0
2009.0,443.6,5,0.0,0.0,5.0
2009.0,445.2,8,0.0,0.0,8.0
2009.0,450.5,2,0.0,0.0,2.0
2009.0,454.2,5,0.0,0.0,5.0
2009.0,454.9,12,0.0,0.0,12.0
2009.0,455.1,5,0.0,0.0,5.0
2009.0,456.1,5,0.0,1.0,4.0
2009.0,456.3,6,0.0,0.0,6.0
2009.0,458.4,3,0.0,0.0,3.0
2009.0,460.0,3,0.0,0.0,3.0
2009.0,460.1,5,0.0,0.0,5.0
2009.0,464.5,5,0.0,0.0,5.0
2009.0,467.0,1,0.0,0.0,1.0
2009.0,467.1,1,0.0,0.0,1.0
2009.0,470.6,5,0.0,0.0,5.0
2009.0,471.8,1,0.0,0.0,1.0
2009.0,472.1,4,0.0,0.0,4.0
2009.0,473.2,1,0.0,0.0,1.0
2009.0,475.9,2,0.0,0.0,2.0
2009.0,476.2,2,1.0,1.0,0.0
2010.0,14.0,5,0.0,0.0,5.0
2010.0,42.0,10,0.0,0.0,10.0
2010.0,45.1,1,0.0,0.0,1.0
2010.0,49.3,2,0.0,0.0,2.0
2010.0,49.5,3,0.0,1.0,2.0
2010.0,59.8,3,0.0,1.0,2.0
2010.0,64.3,5,0.0,0.0,5.0
2010.0,67.9,3,0.0,0.0,3.0
2010.0,93.5,2,0.0,1.0,1.0
2010.0,94.7,2,0.0,1.0,1.0
2010.0,95.4,2,0.0,0.0,2.0
2010.0,113.0,5,1.0,2.0,2.0
2010.0,132.0,4,0.0,0.0,4.0
2010.0,136.1,1,0.0,0.0,1.0
2010.0,143.0,5,0.0,0.0,5.0
2010.0,155.0,2,1.0,1.0,0.0
2010.0,180.0,3,0.0,0.0,3.0
2010.0,185.0,1,0.0,0.0,1.0
2010.0,209.0,1,0.0,0.0,1.0
2010.0,213.0,3,3.0,0.0,0.0
2010.0,240.0,2,0.0,0.0,2.0
2010.0,370.0,1,0.0,0.0,1.0
2010.0,372.4,6,0.0,0.0,6.0
2010.0,374.5,5,0.0,0.0,5.0
2010.0,374.7,6,0.0,0.0,6.0
2010.0,375.5,3,0.0,0.0,3.0
2010.0,380.0,4,0.0,1.0,3.0
2010.0,382.2,2,0.0,2.0,0.0
2010.0,386.8,3,3.0,0.0,0.0
2010.0,398.0,2,0.0,0.0,2.0
2010.0,401.9,2,0.0,0.0,2.0
2010.0,402.0,1,0.0,0.0,1.0
2010.0,403.8,3,0.0,0.0,3.0
2010.0,404.2,2,0.0,0.0,2.0
2010.0,404.7,5,0.0,0.0,5.0
2010.0,406.5,5,0.0,2.0,3.0
2010.0,409.8,5,1.0,2.0,2.0
2010.0,410.4,4,0.0,0.0,4.0
2010.0,411.4,5,0.0,0.0,5.0
2010.0,411.9,4,0.0,0.0,4.0
2010.0,414.0,1,0.0,0.0,1.0
2010.0,419.0,14,0.0,0.0,14.0
2010.0,420.4,3,0.0,1.0,2.0
2010.0,420.9,2,0.0,1.0,1.0
2010.0,422.5,6,0.0,0.0,6.0
2010.0,422.6,2,0.0,0.0,2.0
2010.0,426.5,4,0.0,0.0,4.0
2010.0,436.3,3,0.0,0.0,3.0
2010.0,437.6,2,0.0,0.0,2.0
2010.0,440.9,1,0.0,0.0,1.0
2010.0,441.2,16,0.0,0.0,16.0
2010.0,442.6,3,0.0,0.0,3.0
2010.0,444.1,2,0.0,0.0,2.0
2010.0,452.2,5,0.0,0.0,5.0
2010.0,453.4,2,0.0,0.0,2.0
2010.0,458.4,11,0.0,0.0,11.0
2010.0,464.5,11,0.0,1.0,10.0
2010.0,468.0,1,0.0,0.0,1.0
2010.0,471.5,6,0.0,0.0,6.0
2010.0,472.1,4,1.0,0.0,3.0
2011.0,14.0,1,0.0,0.0,1.0
2011.0,14.9,1,0.0,0.0,1.0
2011.0,18.0,2,0.0,0.0,2.0
2011.0,21.8,1,0.0,0.0,1.0
2011.0,22.0,1,0.0,0.0,1.0
2011.0,35.3,6,1.0,0.0,5.0
2011.0,57.5,34,4.0,1.0,29.0
2011.0,65.5,1,0.0,0.0,1.0
2011.0,81.6,7,0.0,0.0,7.0
2011.0,107.0,1,0.0,1.0,0.0
2011.0,131.0,4,0.0,0.0,4.0
2011.0,135.0,1,0.0,1.0,0.0
2011.0,180.0,5,0.0,0.0,5.0
2011.0,181.6,1,0.0,0.0,1.0
2011.0,184.8,1,0.0,0.0,1.0
2011.0,211.0,1,1.0,0.0,0.0
2011.0,216.0,7,0.0,1.0,6.0
2011.0,369.9,3,2.0,0.0,1.0
2011.0,373.5,2,0.0,0.0,2.0
2011.0,374.2,4,0.0,2.0,2.0
2011.0,375.5,1,0.0,0.0,1.0
2011.0,378.0,1,0.0,1.0,0.0
2011.0,390.7,1,0.0,1.0,0.0
2011.0,392.1,5,0.0,0.0,5.0
2011.0,394.0,1,0.0,1.0,0.0
2011.0,401.4,2,0.0,1.0,1.0
2011.0,402.0,4,0.0,0.0,4.0
2011.0,403.8,2,0.0,0.0,2.0
2011.0,406.4,3,0.0,0.0,3.0
2011.0,407.0,3,0.0,0.0,3.0
2011.0,410.0,8,0.0,0.0,8.0
2011.0,415.9,1,1.0,0.0,0.0
2011.0,417.2,1,0.0,0.0,1.0
2011.0,424.0,2,0.0,0.0,2.0
2011.0,424.9,5,0.0,0.0,5.0
2011.0,427.3,2,0.0,0.0,2.0
2011.0,433.1,1,0.0,0.0,1.0
2011.0,439.0,15,0.0,0.0,15.0
2011.0,440.9,1,0.0,0.0,1.0
2011.0,441.2,12,0.0,0.0,12.0
2011.0,441.7,3,0.0,0.0,3.0
2011.0,442.0,1,0.0,0.0,1.0
2011.0,442.6,1,0.0,0.0,1.0
2011.0,443.6,17,0.0,0.0,17.0
2011.0,443.8,1,0.0,1.0,0.0
2011.0,450.5,2,0.0,0.0,2.0
2011.0,453.4,1,0.0,0.0,1.0
2011.0,458.0,2,0.0,0.0,2.0
2011.0,464.5,20,1.0,0.0,19.0
2011.0,471.0,3,0.0,0.0,3.0
2011.0,472.1,3,0.0,0.0,3.0
2011.0,476.0,1,0.0,0.0,1.0
2012.0,15.0,7,0.0,0.0,7.0
2012.0,15.9,1,0.0,0.0,1.0
2012.0,16.0,2,0.0,0.0,2.0
2012.0,23.0,3,0.0,0.0,3.0
2012.0,38.9,2,0.0,0.0,2.0
2012.0,45.0,1,0.0,1.0,0.0
2012.0,47.0,1,0.0,1.0,0.0
2012.0,49.5,1,0.0,0.0,1.0
2012.0,50.5,1,0.0,0.0,1.0
2012.0,52.5,1,1.0,0.0,0.0
2012.0,92.0,1,1.0,0.0,0.0
2012.0,105.0,5,0.0,0.0,5.0
2012.0,118.0,3,0.0,0.0,3.0
2012.0,121.0,4,2.0,0.0,2.0
2012.0,171.0,3,0.0,0.0,3.0
2012.0,179.0,2,0.0,0.0,2.0
2012.0,218.0,1,0.0,0.0,1.0
2012.0,222.0,1,0.0,1.0,0.0
2012.0,236.0,6,0.0,0.0,6.0
2012.0,375.3,3,0.0,1.0,2.0
2012.0,375.5,3,0.0,1.0,2.0
2012.0,380.3,3,0.0,0.0,3.0
2012.0,388.7,6,0.0,0.0,6.0
2012.0,389.0,2,0.0,0.0,2.0
2012.0,392.0,1,0.0,0.0,1.0
2012.0,398.0,2,0.0,0.0,2.0
2012.0,403.4,5,0.0,0.0,5.0
2012.0,403.8,3,0.0,0.0,3.0
2012.0,405.0,3,0.0,0.0,3.0
2012.0,405.3,6,0.0,0.0,6.0
2012.0,405.5,1,0.0,0.0,1.0
2012.0,406.5,6,0.0,2.0,4.0
2012.0,410.2,3,0.0,2.0,1.0
2012.0,413.6,1,0.0,1.0,0.0
2012.0,416.0,1,0.0,0.0,1.0
2012.0,417.0,1,0.0,0.0,1.0
2012.0,418.0,5,0.0,0.0,5.0
2012.0,419.1,1,0.0,0.0,1.0
2012.0,421.0,1,0.0,1.0,0.0
2012.0,421.6,4,0.0,0.0,4.0
2012.0,431.0,1,0.0,0.0,1.0
2012.0,433.6,1,0.0,0.0,1.0
2012.0,435.8,10,0.0,0.0,10.0
2012.0,436.0,10,0.0,1.0,9.0
2012.0,437.5,5,0.0,1.0,4.0
2012.0,441.0,4,0.0,0.0,4.0
2012.0,441.2,22,0.0,1.0,21.0
2012.0,442.0,4,0.0,0.0,4.0
2012.0,442.6,3,0.0,0.0,3.0
2012.0,443.0,4,0.0,0.0,4.0
2012.0,443.6,1,0.0,0.0,1.0
2012.0,447.9,1,0.0,0.0,1.0
2012.0,450.5,3,0.0,0.0,3.0
2012.0,453.0,2,0.0,0.0,2.0
2012.0,457.1,2,0.0,0.0,2.0
2012.0,464.0,2,0.0,0.0,2.0
2012.0,464.5,7,0.0,0.0,7.0
2012.0,465.5,1,0.0,0.0,1.0
2012.0,467.0,2,0.0,0.0,2.0
2012.0,472.0,1,0.0,0.0,1.0
2012.0,477.1,13,0.0,0.0,13.0
2013.0,15.0,1,0.0,0.0,1.0
2013.0,81.1,4,0.0,1.0,3.0
2013.0,97.5,4,1.0,2.0,1.0
2013.0,117.0,1,0.0,1.0,0.0
2013.0,133.0,6,0.0,0.0,6.0
2013.0,175.0,5,0.0,1.0,4.0
2013.0,180.0,11,0.0,1.0,10.0
2013.0,186.0,3,1.0,0.0,2.0
2013.0,186.4,5,0.0,0.0,5.0
2013.0,187.0,3,0.0,0.0,3.0
2013.0,215.0,2,0.0,0.0,2.0
2013.0,220.0,2,0.0,0.0,2.0
2013.0,239.0,3,0.0,0.0,3.0
2013.0,249.0,18,1.0,0.0,17.0
2013.0,372.3,2,0.0,0.0,2.0
2013.0,372.4,4,0.0,0.0,4.0
2013.0,373.5,2,0.0,1.0,1.0
2013.0,375.5,9,0.0,0.0,9.0
2013.0,378.4,2,0.0,0.0,2.0
2013.0,378.8,2,0.0,1.0,1.0
2013.0,379.6,1,0.0,0.0,1.0
2013.0,381.6,1,0.0,0.0,1.0
2013.0,384.0,6,0.0,0.0,6.0
2013.0,386.0,1,0.0,1.0,0.0
2013.0,387.5,1,1.0,0.0,0.0
2013.0,398.5,2,0.0,0.0,2.0
2013.0,400.5,1,0.0,0.0,1.0
2013.0,405.8,1,0.0,0.0,1.0
2013.0,406.0,5,0.0,0.0,5.0
2013.0,406.1,2,0.0,0.0,2.0
2013.0,406.2,1,0.0,1.0,0.0
2013.0,413.0,1,0.0,0.0,1.0
2013.0,413.2,5,0.0,0.0,5.0
2013.0,413.7,7,0.0,0.0,7.0
2013.0,421.3,8,2.0,3.0,3.0
2013.0,422.7,2,0.0,0.0,2.0
2013.0,424.6,3,0.0,0.0,3.0
2013.0,425.0,2,0.0,0.0,2.0
2013.0,427.3,7,0.0,0.0,7.0
2013.0,428.9,3,0.0,0.0,3.0
2013.0,429.5,5,0.0,0.0,5.0
2013.0,436.0,4,0.0,0.0,4.0
2013.0,438.0,5,0.0,0.0,5.0
2013.0,439.0,9,0.0,0.0,9.0
2013.0,440.5,6,0.0,0.0,6.0
2013.0,441.0,1,0.0,0.0,1.0
2013.0,441.2,17,0.0,0.0,17.0
2013.0,442.6,3,0.0,0.0,3.0
2013.0,445.0,4,0.0,0.0,4.0
2013.0,445.8,2,1.0,0.0,1.0
2013.0,450.5,2,0.0,0.0,2.0
2013.0,453.5,4,0.0,0.0,4.0
2013.0,455.5,1,0.0,0.0,1.0
2013.0,458.0,2,0.0,0.0,2.0
2013.0,458.4,7,0.0,0.0,7.0
2013.0,464.5,6,1.0,0.0,5.0
2013.0,467.0,1,0.0,1.0,0.0
2013.0,471.2,3,0.0,0.0,3.0
2014.0,18.5,8,0.0,0.0,8.0
2014.0,20.0,2,0.0,0.0,2.0
2014.0,29.0,3,0.0,0.0,3.0
2014.0,41.8,7,0.0,0.0,7.0
2014.0,45.0,2,0.0,0.0,2.0
2014.0,55.0,5,1.0,0.0,4.0
2014.0,86.6,7,0.0,2.0,5.0
2014.0,88.2,1,0.0,0.0,1.0
2014.0,111.0,4,0.0,0.0,4.0
2014.0,120.0,5,0.0,0.0,5.0
2014.0,132.0,2,0.0,0.0,2.0
2014.0,135.0,2,1.0,0.0,1.0
2014.0,137.0,7,0.0,0.0,7.0
2014.0,158.2,8,1.0,2.0,5.0
2014.0,184.0,1,0.0,1.0,0.0
2014.0,197.0,4,0.0,1.0,3.0
2014.0,200.0,1,0.0,1.0,0.0
2014.0,228.0,1,0.0,1.0,0.0
2014.0,239.6,4,0.0,2.0,2.0
2014.0,241.0,2,0.0,0.0,2.0
2014.0,246.0,1,0.0,1.0,0.0
2014.0,250.5,5,0.0,0.0,5.0
2014.0,250.7,2,0.0,1.0,1.0
2014.0,372.0,1,0.0,0.0,1.0
2014.0,375.0,1,0.0,0.0,1.0
2014.0,375.3,8,0.0,0.0,8.0
2014.0,375.5,6,0.0,0.0,6.0
2014.0,378.3,3,0.0,0.0,3.0
2014.0,379.0,5,0.0,0.0,5.0
2014.0,394.1,1,0.0,0.0,1.0
2014.0,398.0,2,0.0,0.0,2.0
2014.0,400.9,3,0.0,0.0,3.0
2014.0,401.0,2,1.0,0.0,1.0
2014.0,402.0,6,0.0,0.0,6.0
2014.0,403.0,1,0.0,0.0,1.0
2014.0,404.7,1,0.0,0.0,1.0
2014.0,406.0,1,0.0,0.0,1.0
2014.0,406.5,6,0.0,0.0,6.0
2014.0,410.5,16,0.0,3.0,13.0
2014.0,414.0,1,0.0,0.0,1.0
2014.0,416.0,1,0.0,0.0,1.0
2014.0,417.0,1,0.0,0.0,1.0
2014.0,420.4,10,0.0,0.0,10.0
2014.0,422.0,4,0.0,0.0,4.0
2014.0,423.0,3,1.0,0.0,2.0
2014.0,423.1,1,0.0,0.0,1.0
2014.0,425.4,1,0.0,0.0,1.0
2014.0,435.9,8,0.0,0.0,8.0
2014.0,436.0,5,0.0,0.0,5.0
2014.0,437.0,3,0.0,0.0,3.0
2014.0,437.5,2,0.0,0.0,2.0
2014.0,440.0,6,0.0,0.0,6.0
2014.0,441.7,1,0.0,0.0,1.0
2014.0,443.6,2,0.0,0.0,2.0
2014.0,445.0,3,0.0,0.0,3.0
2014.0,450.5,4,0.0,0.0,4.0
2014.0,451.0,2,0.0,0.0,2.0
2014.0,458.4,3,0.0,0.0,3.0
2014.0,458.9,5,0.0,0.0,5.0
2014.0,459.0,1,0.0,0.0,1.0
2014.0,464.5,1,0.0,0.0,1.0
2014.0,467.5,1,0.0,0.0,1.0
2014.0,470.6,2,0.0,0.0,2.0
2014.0,471.4,1,1.0,0.0,0.0
2014.0,472.0,4,0.0,0.0,4.0
2015.0,16.5,7,0.0,0.0,7.0
2015.0,29.2,2,0.0,0.0,2.0
2015.0,29.3,1,0.0,1.0,0.0
2015.0,32.8,1,0.0,0.0,1.0
2015.0,38.9,4,0.0,1.0,3.0
2015.0,39.2,1,0.0,0.0,1.0
2015.0,45.0,1,0.0,1.0,0.0
2015.0,60.0,1,0.0,0.0,1.0
2015.0,78.0,2,0.0,0.0,2.0
2015.0,87.5,2,0.0,0.0,2.0
2015.0,88.0,1,0.0,0.0,1.0
2015.0,89.1,5,0.0,4.0,1.0
2015.0,97.7,2,0.0,0.0,2.0
2015.0,110.5,4,1.0,3.0,0.0
2015.0,126.0,2,0.0,1.0,1.0
2015.0,147.0,3,0.0,2.0,1.0
2015.0,187.0,1,0.0,1.0,0.0
2015.0,200.0,1,0.0,1.0,0.0
2015.0,208.3,9,0.0,3.0,6.0
2015.0,254.5,5,0.0,0.0,5.0
2015.0,372.4,3,0.0,0.0,3.0
2015.0,373.5,4,1.0,1.0,2.0
2015.0,375.2,5,0.0,0.0,5.0
2015.0,375.3,5,0.0,0.0,5.0
2015.0,375.5,8,0.0,0.0,8.0
2015.0,384.6,2,0.0,0.0,2.0
2015.0,389.3,4,1.0,1.0,2.0
2015.0,390.0,2,0.0,0.0,2.0
2015.0,390.7,4,0.0,2.0,2.0
2015.0,393.1,13,0.0,0.0,13.0
2015.0,400.8,5,0.0,0.0,5.0
2015.0,401.0,2,1.0,0.0,1.0
2015.0,401.4,2,0.0,0.0,2.0
2015.0,406.5,5,0.0,0.0,5.0
2015.0,410.0,2,0.0,0.0,2.0
2015.0,419.0,2,0.0,0.0,2.0
2015.0,420.4,6,0.0,0.0,6.0
2015.0,422.3,10,0.0,0.0,10.0
2015.0,422.6,5,0.0,0.0,5.0
2015.0,426.5,1,1.0,0.0,0.0
2015.0,434.0,4,0.0,0.0,4.0
2015.0,435.0,4,0.0,0.0,4.0
2015.0,435.6,10,0.0,1.0,9.0
2015.0,435.7,2,1.0,0.0,1.0
2015.0,436.0,1,0.0,0.0,1.0
2015.0,440.3,5,0.0,0.0,5.0
2015.0,441.2,3,0.0,0.0,3.0
2015.0,442.6,6,0.0,0.0,6.0
2015.0,443.6,10,0.0,1.0,9.0
2015.0,445.0,3,0.0,0.0,3.0
2015.0,447.0,3,0.0,0.0,3.0
2015.0,447.3,2,0.0,1.0,1.0
2015.0,448.9,3,0.0,1.0,2.0
2015.0,450.5,8,0.0,0.0,8.0
2015.0,453.0,1,0.0,1.0,0.0
2015.0,453.5,5,0.0,0.0,5.0
2015.0,454.1,1,0.0,1.0,0.0
2015.0,455.0,1,0.0,0.0,1.0
2015.0,457.8,6,0.0,0.0,6.0
2015.0,458.0,3,0.0,0.0,3.0
2015.0,464.5,2,0.0,0.0,2.0
2015.0,467.2,4,0.0,0.0,4.0
2015.0,467.3,5,0.0,0.0,5.0
2015.0,471.1,3,0.0,0.0,3.0
2015.0,471.9,1,0.0,0.0,1.0
2015.0,472.1,2,0.0,0.0,2.0
2015.0,476.6,9,0.0,0.0,9.0
2016.0,16.0,2,0.0,2.0,0.0
2016.0,18.1,1,0.0,0.0,1.0
2016.0,30.0,1,0.0,0.0,1.0
2016.0,68.0,6,1.0,5.0,0.0
2016.0,70.0,2,0.0,0.0,2.0
2016.0,74.0,10,1.0,0.0,9.0
2016.0,84.0,1,0.0,1.0,0.0
2016.0,135.0,3,3.0,0.0,0.0
2016.0,160.0,3,0.0,1.0,2.0
2016.0,176.0,9,1.0,5.0,3.0
2016.0,214.0,1,0.0,1.0,0.0
2016.0,215.0,6,0.0,0.0,6.0
2016.0,227.0,1,0.0,1.0,0.0
2016.0,253.5,7,0.0,1.0,6.0
2016.0,375.0,5,0.0,1.0,4.0
2016.0,375.3,5,0.0,0.0,5.0
2016.0,381.1,3,0.0,0.0,3.0
2016.0,381.8,8,0.0,0.0,8.0
2016.0,386.1,1,0.0,0.0,1.0
2016.0,390.2,2,0.0,1.0,1.0
2016.0,393.1,3,0.0,0.0,3.0
2016.0,396.5,7,0.0,0.0,7.0
2016.0,397.2,1,0.0,0.0,1.0
2016.0,398.3,2,0.0,1.0,1.0
2016.0,400.5,3,0.0,0.0,3.0
2016.0,400.9,6,0.0,0.0,6.0
2016.0,401.0,3,0.0,1.0,2.0
2016.0,401.4,3,0.0,0.0,3.0
2016.0,401.8,1,0.0,0.0,1.0
2016.0,402.1,4,0.0,0.0,4.0
2016.0,404.2,2,0.0,0.0,2.0
2016.0,406.5,5,0.0,0.0,5.0
2016.0,410.9,6,0.0,0.0,6.0
2016.0,411.2,1,0.0,0.0,1.0
2016.0,414.0,1,0.0,0.0,1.0
2016.0,420.4,1,0.0,0.0,1.0
2016.0,421.1,4,0.0,0.0,4.0
2016.0,422.0,3,0.0,1.0,2.0
2016.0,423.1,1,0.0,0.0,1.0
2016.0,427.3,6,0.0,0.0,6.0
2016.0,434.5,5,0.0,0.0,5.0
2016.0,435.6,7,0.0,0.0,7.0
2016.0,435.7,6,0.0,1.0,5.0
2016.0,435.9,1,0.0,0.0,1.0
2016.0,437.0,1,0.0,0.0,1.0
2016.0,437.5,3,0.0,0.0,3.0
2016.0,438.0,1,0.0,0.0,1.0
2016.0,440.0,6,0.0,0.0,6.0
2016.0,440.8,11,0.0,0.0,11.0
2016.0,441.0,3,0.0,0.0,3.0
2016.0,441.2,5,0.0,0.0,5.0
2016.0,442.0,2,0.0,0.0,2.0
2016.0,443.6,8,0.0,0.0,8.0
2016.0,445.0,1,0.0,0.0,1.0
2016.0,447.0,2,0.0,0.0,2.0
2016.0,448.0,5,0.0,0.0,5.0
2016.0,448.9,1,0.0,0.0,1.0
2016.0,450.0,2,0.0,0.0,2.0
2016.0,450.5,11,0.0,0.0,11.0
2016.0,457.4,3,0.0,0.0,3.0
2016.0,458.0,5,0.0,0.0,5.0
2016.0,458.4,1,0.0,0.0,1.0
2016.0,459.2,2,0.0,0.0,2.0
2016.0,460.0,4,0.0,0.0,4.0
2016.0,462.8,4,0.0,0.0,4.0
2016.0,464.5,5,0.0,0.0,5.0
2016.0,467.4,3,0.0,0.0,3.0
2016.0,475.0,1,0.0,1.0,0.0
2017.0,10.0,5,0.0,2.0,3.0
2017.0,27.0,1,0.0,0.0,1.0
2017.0,45.0,10,1.0,3.0,6.0
2017.0,68.0,3,0.0,2.0,1.0
2017.0,78.0,3,0.0,0.0,3.0
2017.0,83.0,3,1.0,1.0,1.0
2017.0,105.0,4,0.0,1.0,3.0
2017.0,176.0,1,0.0,0.0,1.0
2017.0,180.0,2,0.0,2.0,0.0
2017.0,228.0,2,0.0,1.0,1.0
2017.0,373.0,6,0.0,0.0,6.0
2017.0,375.5,5,0.0,0.0,5.0
2017.0,379.6,3,0.0,0.0,3.0
2017.0,384.0,4,0.0,1.0,3.0
2017.0,385.0,1,0.0,0.0,1.0
2017.0,388.0,2,0.0,0.0,2.0
2017.0,389.0,6,1.0,1.0,4.0
2017.0,391.0,5,0.0,1.0,4.0
2017.0,394.0,1,0.0,0.0,1.0
2017.0,398.0,5,0.0,0.0,5.0
2017.0,401.0,3,0.0,0.0,3.0
2017.0,404.0,3,0.0,0.0,3.0
2017.0,405.0,1,0.0,0.0,1.0
2017.0,406.0,4,0.0,0.0,4.0
2017.0,407.0,4,0.0,0.0,4.0
2017.0,408.0,7,0.0,0.0,7.0
2017.0,409.0,1,0.0,0.0,1.0
2017.0,409.8,2,0.0,0.0,2.0
2017.0,412.0,7,0.0,0.0,7.0
2017.0,413.0,6,0.0,0.0,6.0
2017.0,418.0,3,0.0,0.0,3.0
2017.0,420.0,12,0.0,0.0,12.0
2017.0,420.4,3,0.0,0.0,3.0
2017.0,422.0,5,0.0,2.0,3.0
2017.0,423.0,1,0.0,0.0,1.0
2017.0,426.0,2,0.0,0.0,2.0
2017.0,427.3,7,0.0,0.0,7.0
2017.0,434.0,8,0.0,0.0,8.0
2017.0,435.0,4,0.0,0.0,4.0
2017.0,436.0,5,0.0,2.0,3.0
2017.0,438.0,3,0.0,0.0,3.0
2017.0,440.0,3,0.0,2.0,1.0
2017.0,441.2,9,0.0,2.0,7.0
2017.0,442.0,1,0.0,0.0,1.0
2017.0,442.6,1,0.0,0.0,1.0
2017.0,443.0,1,0.0,1.0,0.0
2017.0,443.6,7,0.0,0.0,7.0
2017.0,444.0,1,0.0,0.0,1.0
2017.0,446.0,1,0.0,1.0,0.0
2017.0,450.5,2,0.0,0.0,2.0
2017.0,454.0,2,0.0,1.0,1.0
2017.0,458.0,1,0.0,0.0,1.0
2017.0,458.4,2,0.0,0.0,2.0
2017.0,461.0,1,0.0,0.0,1.0
2017.0,464.5,9,0.0,0.0,9.0
2017.0,467.0,2,0.0,0.0,2.0
2017.0,467.4,1,0.0,0.0,1.0
2017.0,471.0,2,0.0,0.0,2.0
2017.0,472.0,2,0.0,0.0,2.0
2017.0,472.1,3,0.0,0.0,3.0
2017.0,473.0,2,0.0,1.0,1.0
2018.0,16.5,3,0.0,0.0,3.0
2018.0,53.8,12,0.0,0.0,12.0
2018.0,64.0,5,0.0,1.0,4.0
2018.0,112.0,5,0.0,2.0,3.0
2018.0,123.0,14,0.0,2.0,12.0
2018.0,138.0,2,1.0,0.0,1.0
2018.0,186.0,10,3.0,0.0,7.0
2018.0,200.0,11,8.0,1.0,2.0
2018.0,211.0,4,0.0,4.0,0.0
2018.0,218.0,1,0.0,1.0,0.0
2018.0,232.0,1,0.0,0.0,1.0
2018.0,371.1,2,0.0,0.0,2.0
2018.0,375.3,5,0.0,0.0,5.0
2018.0,375.5,11,0.0,1.0,10.0
2018.0,378.4,1,0.0,1.0,0.0
2018.0,379.9,1,0.0,0.0,1.0
2018.0,397.7,2,0.0,0.0,2.0
2018.0,401.0,5,0.0,0.0,5.0
2018.0,402.6,7,0.0,0.0,7.0
2018.0,404.6,2,0.0,0.0,2.0
2018.0,405.3,1,0.0,0.0,1.0
2018.0,406.5,6,0.0,0.0,6.0
2018.0,406.6,8,0.0,0.0,8.0
2018.0,414.5,3,0.0,0.0,3.0
2018.0,416.0,1,0.0,0.0,1.0
2018.0,418.2,2,0.0,0.0,2.0
2018.0,420.4,8,0.0,0.0,8.0
2018.0,421.5,2,0.0,0.0,2.0
2018.0,422.3,5,0.0,0.0,5.0
2018.0,422.6,2,0.0,0.0,2.0
2018.0,423.2,3,0.0,0.0,3.0
2018.0,424.6,8,0.0,0.0,8.0
2018.0,426.5,3,0.0,0.0,3.0
2018.0,431.9,5,0.0,0.0,5.0
2018.0,432.4,7,0.0,0.0,7.0
2018.0,432.5,1,0.0,1.0,0.0
2018.0,432.6,5,0.0,0.0,5.0
2018.0,434.0,5,0.0,0.0,5.0
2018.0,434.5,7,0.0,0.0,7.0
2018.0,436.0,2,0.0,0.0,2.0
2018.0,437.4,1,0.0,0.0,1.0
2018.0,437.6,1,0.0,0.0,1.0
2018.0,439.0,2,0.0,0.0,2.0
2018.0,439.6,4,0.0,1.0,3.0
2018.0,440.0,1,0.0,0.0,1.0
2018.0,441.2,1,0.0,0.0,1.0
2018.0,442.6,4,0.0,0.0,4.0
2018.0,443.6,4,0.0,0.0,4.0
2018.0,449.0,2,0.0,0.0,2.0
2018.0,450.0,3,0.0,0.0,3.0
2018.0,450.5,1,0.0,0.0,1.0
2018.0,453.4,2,0.0,0.0,2.0
2018.0,455.1,5,0.0,0.0,5.0
2018.0,458.4,16,0.0,3.0,13.0
2018.0,458.7,2,0.0,0.0,2.0
2018.0,459.0,4,0.0,1.0,3.0
2018.0,464.5,7,0.0,0.0,7.0
2018.0,467.3,2,0.0,1.0,1.0
2018.0,471.9,1,0.0,0.0,1.0
2018.0,472.1,3,0.0,0.0,3.0
2018.0,474.2,2,0.0,0.0,2.0
2019.0,16.5,3,0.0,0.0,3.0
2019.0,29.1,1,0.0,1.0,0.0
2019.0,29.5,3,0.0,0.0,3.0
2019.0,53.6,3,3.0,0.0,0.0
2019.0,60.2,2,2.0,0.0,0.0
2019.0,83.5,1,0.0,0.0,1.0
2019.0,93.2,3,1.0,2.0,0.0
2019.0,97.7,6,0.0,0.0,6.0
2019.0,106.6,2,0.0,1.0,1.0
2019.0,108.2,4,0.0,1.0,3.0
2019.0,109.3,2,0.0,1.0,1.0
2019.0,112.2,7,2.0,4.0,1.0
2019.0,118.0,17,0.0,1.0,16.0
2019.0,138.0,6,0.0,0.0,6.0
2019.0,159.4,5,0.0,1.0,4.0
2019.0,162.8,2,0.0,1.0,1.0
2019.0,163.6,1,0.0,1.0,0.0
2019.0,166.0,1,0.0,1.0,0.0
2019.0,209.1,2,0.0,1.0,1.0
2019.0,211.1,3,0.0,0.0,3.0
2019.0,231.3,2,1.0,0.0,1.0
2019.0,284.8,1,0.0,0.0,1.0
2019.0,367.2,10,0.0,1.0,9.0
2019.0,374.7,1,0.0,0.0,1.0
2019.0,375.3,16,0.0,1.0,15.0
2019.0,375.5,3,0.0,0.0,3.0
2019.0,379.9,2,0.0,0.0,2.0
2019.0,386.4,1,0.0,0.0,1.0
2019.0,386.5,5,0.0,0.0,5.0
2019.0,388.0,1,0.0,0.0,1.0
2019.0,393.6,3,0.0,0.0,3.0
2019.0,397.7,5,0.0,0.0,5.0
2019.0,399.1,6,0.0,0.0,6.0
2019.0,399.6,2,1.0,0.0,1.0
2019.0,404.0,1,0.0,0.0,1.0
2019.0,404.7,2,0.0,0.0,2.0
2019.0,406.0,2,0.0,0.0,2.0
2019.0,412.7,5,0.0,0.0,5.0
2019.0,413.1,1,0.0,1.0,0.0
2019.0,415.8,3,0.0,0.0,3.0
2019.0,416.0,2,0.0,1.0,1.0
2019.0,417.5,5,0.0,0.0,5.0
2019.0,420.4,2,0.0,0.0,2.0
2019.0,427.3,1,0.0,0.0,1.0
2019.0,432.2,1,0.0,0.0,1.0
2019.0,432.6,2,0.0,0.0,2.0
2019.0,433.7,1,0.0,1.0,0.0
2019.0,434.3,18,0.0,0.0,18.0
2019.0,435.0,4,0.0,0.0,4.0
2019.0,436.3,2,0.0,0.0,2.0
2019.0,437.1,6,0.0,0.0,6.0
2019.0,440.9,2,0.0,0.0,2.0
2019.0,441.2,10,1.0,0.0,9.0
2019.0,442.3,7,0.0,0.0,7.0
2019.0,442.6,2,0.0,0.0,2.0
2019.0,443.6,7,0.0,0.0,7.0
2019.0,450.5,3,0.0,0.0,3.0
2019.0,454.5,5,0.0,0.0,5.0
2019.0,458.4,1,0.0,0.0,1.0
2019.0,459.0,11,0.0,0.0,11.0
2019.0,464.5,1,0.0,0.0,1.0
2019.0,468.8,3,0.0,0.0,3.0
2019.0,472.1,5,0.0,1.0,4.0
2019.0,476.2,1,0.0,1.0,0.0
2020.0,14.3,1,0.0,0.0,1.0
2020.0,16.4,4,0.0,0.0,4.0
2020.0,29.1,3,0.0,0.0,3.0
2020.0,43.6,2,0.0,0.0,2.0
2020.0,69.7,3,1.0,1.0,1.0
2020.0,91.0,4,0.0,3.0,1.0
2020.0,96.6,2,0.0,1.0,1.0
2020.0,117.0,1,0.0,0.0,1.0
2020.0,150.0,1,0.0,1.0,0.0
2020.0,181.0,1,0.0,1.0,0.0
2020.0,220.0,1,0.0,1.0,0.0
2020.0,222.0,2,0.0,2.0,0.0
2020.0,252.9,4,0.0,1.0,3.0
2020.0,255.6,1,0.0,1.0,0.0
2020.0,278.0,1,0.0,0.0,1.0
2020.0,375.3,3,0.0,0.0,3.0
2020.0,375.5,2,0.0,0.0,2.0
2020.0,384.5,1,0.0,0.0,1.0
2020.0,384.8,1,0.0,0.0,1.0
2020.0,389.3,5,0.0,0.0,5.0
2020.0,397.7,1,0.0,0.0,1.0
2020.0,400.1,2,0.0,0.0,2.0
2020.0,402.5,9,0.0,1.0,8.0
2020.0,405.0,1,0.0,0.0,1.0
2020.0,406.5,2,0.0,0.0,2.0
2020.0,412.1,1,0.0,1.0,0.0
2020.0,417.5,4,0.0,0.0,4.0
2020.0,420.4,2,0.0,0.0,2.0
2020.0,422.1,5,0.0,0.0,5.0
2020.0,422.3,4,0.0,0.0,4.0
2020.0,424.1,2,0.0,0.0,2.0
2020.0,424.3,5,0.0,0.0,5.0
2020.0,431.0,3,0.0,0.0,3.0
2020.0,434.7,3,0.0,1.0,2.0
2020.0,435.7,6,0.0,0.0,6.0
2020.0,436.3,1,0.0,0.0,1.0
2020.0,437.2,1,0.0,0.0,1.0
2020.0,437.5,3,0.0,1.0,2.0
2020.0,438.3,2,0.0,0.0,2.0
2020.0,440.8,2,0.0,0.0,2.0
2020.0,441.0,1,0.0,0.0,1.0
2020.0,441.2,14,0.0,1.0,13.0
2020.0,442.3,8,0.0,0.0,8.0
2020.0,442.6,7,0.0,0.0,7.0
2020.0,443.6,12,0.0,0.0,12.0
2020.0,448.0,7,0.0,0.0,7.0
2020.0,450.5,1,0.0,0.0,1.0
2020.0,454.6,7,0.0,0.0,7.0
2020.0,458.4,2,0.0,0.0,2.0
2020.0,460.6,1,0.0,1.0,0.0
2020.0,463.0,1,0.0,1.0,0.0
2020.0,464.5,8,0.0,1.0,7.0
2020.0,467.2,5,0.0,0.0,5.0
2020.0,468.0,2,0.0,0.0,2.0
2020.0,470.6,2,0.0,0.0,2.0
2020.0,472.1,1,0.0,0.0,1.0
2020.0,475.0,2,0.0,0.0,2.0
2021.0,9.9,4,0.0,0.0,4.0
2021.0,16.5,6,0.0,1.0,5.0
2021.0,25.4,6,0.0,0.0,6.0
2021.0,31.0,1,1.0,0.0,0.0
2021.0,32.9,3,0.0,1.0,2.0
2021.0,60.1,5,0.0,0.0,5.0
2021.0,85.3,7,0.0,0.0,7.0
2021.0,97.7,5,1.0,0.0,4.0
2021.0,118.5,3,2.0,0.0,1.0
2021.0,119.5,13,1.0,2.0,10.0
2021.0,129.4,4,0.0,1.0,3.0
2021.0,129.8,4,0.0,0.0,4.0
2021.0,131.0,3,0.0,3.0,0.0
2021.0,134.7,3,0.0,0.0,3.0
2021.0,160.5,2,1.0,0.0,1.0
2021.0,185.7,4,0.0,0.0,4.0
2021.0,210.0,1,0.0,0.0,1.0
2021.0,221.8,2,0.0,1.0,1.0
2021.0,371.3,1,0.0,1.0,0.0
2021.0,379.8,5,0.0,0.0,5.0
2021.0,386.4,4,0.0,0.0,4.0
2021.0,394.4,2,1.0,1.0,0.0
2021.0,398.6,5,0.0,0.0,5.0
2021.0,398.8,2,0.0,0.0,2.0
2021.0,400.3,5,0.0,2.0,3.0
2021.0,400.5,1,0.0,1.0,0.0
2021.0,404.4,3,0.0,0.0,3.0
2021.0,413.1,1,0.0,0.0,1.0
2021.0,413.5,1,0.0,0.0,1.0
2021.0,416.0,3,0.0,0.0,3.0
2021.0,418.1,1,0.0,1.0,0.0
2021.0,420.4,6,0.0,0.0,6.0
2021.0,421.1,2,0.0,0.0,2.0
2021.0,424.4,8,0.0,2.0,6.0
2021.0,435.6,2,0.0,0.0,2.0
2021.0,437.0,1,0.0,1.0,0.0
2021.0,437.4,4,0.0,1.0,3.0
2021.0,440.5,6,0.0,0.0,6.0
2021.0,440.9,2,0.0,0.0,2.0
2021.0,441.2,13,0.0,0.0,13.0
2021.0,442.6,4,0.0,1.0,3.0
2021.0,443.6,11,0.0,0.0,11.0
2021.0,446.2,4,0.0,0.0,4.0
2021.0,450.5,3,0.0,0.0,3.0
2021.0,458.4,5,0.0,1.0,4.0
2021.0,459.0,4,0.0,2.0,2.0
2021.0,462.8,5,0.0,0.0,5.0
2021.0,463.1,2,1.0,0.0,1.0
2021.0,466.0,1,0.0,0.0,1.0
2021.0,467.3,2,0.0,0.0,2.0
2021.0,468.0,2,0.0,0.0,2.0
2021.0,471.9,2,0.0,0.0,2.0
2022.0,374.0,1,0.0,0.0,1.0
2022.0,386.4,1,0.0,0.0,1.0
2022.0,436.3,6,0.0,0.0,6.0
2022.0,441.2,1,0.0,0.0,1.0
2022.0,443.6,6,0.0,0.0,6.0
2022.0,450.5,4,0.0,0.0,4.0
2022.0,459.0,7,0.0,0.0,7.0
